[{"id":0,"sender_user_id":0,"time_create":"","data":"Hi"},{"id":1,"sender_user_id":1,"time_create":"","data":"Hi 2"},{"id":2,"sender_user_id":0,"time_create":"","data":"How are you?"},{"id":3,"sender_user_id":1,"time_create":"","data":"Good!"},{"id":4,"sender_user_id":0,"time_create":"","data":"Buy"},{"id":5,"sender_user_id":1,"time_create":"","data":"Buy Buy"},{"id":6,"sender_user_id":2,"time_create":"","data":"Hi, Alex"},{"id":7,"sender_user_id":0,"time_create":"","data":"Hi, Iaroslav!"},{"id":8,"sender_user_id":0,"time_create":"","data":"I think that this lab is impossible"},{"id":9,"sender_user_id":0,"time_create":"","data":"What do you think?"},{"id":10,"sender_user_id":0,"time_create":"","data":"awSFSADFLKSdnfl;qms;'dfl ka dpfkqopsejsdof';jasdopf;jmao';dsjfoal fsojpDF;LDsf'jO;'SDJFAO'SLDO JFSOPADFJ;'LJfo'SDJNFO' dsnfjknsdklfNDKLSFNLSdkfsdafjkfk;jn"},{"id":11,"sender_user_id":0,"time_create":"","data":"Aaaaaannnnssssswwwweeeeerrrr meeeeeeeeee!"},{"id":12,"sender_user_id":1,"time_create":"","data":"You are right!"},{"id":13,"sender_user_id":1,"time_create":"","data":"See you later!"},{"id":14,"sender_user_id":1,"time_create":"","data":"Buy!"},{"id":15,"sender_user_id":2,"time_create":"2023-10-29T12:40:39.134Z","data":"Iroslav test socket"},{"id":16,"sender_user_id":2,"time_create":"2023-10-29T12:41:15.730Z","data":"It's working !!!!!!! AAAAAAAAAAA"},{"id":17,"sender_user_id":0,"time_create":"2023-10-29T12:41:51.684Z","data":"Hi"},{"id":18,"sender_user_id":0,"time_create":"2023-10-29T12:42:06.658Z","data":"Yes"},{"id":19,"sender_user_id":0,"time_create":"2023-10-29T12:42:25.359Z","data":"Yes 2"},{"id":20,"sender_user_id":2,"time_create":"2023-10-29T12:45:18.853Z","data":"bimbim bambam"},{"id":21,"sender_user_id":2,"time_create":"2023-10-29T13:15:49.420Z","data":"test messages update"},{"id":22,"sender_user_id":2,"time_create":"2023-10-29T13:16:58.754Z","data":"test 2"},{"id":23,"sender_user_id":0,"time_create":"2023-10-29T13:17:56.384Z","data":"It'a working? Yesssssssss"},{"id":24,"sender_user_id":0,"time_create":"2023-10-29T13:52:10.501Z","data":"hi"},{"id":25,"sender_user_id":1,"time_create":"2023-10-29T15:52:00.257Z","data":"hi"},{"id":26,"sender_user_id":1,"time_create":"2023-10-29T15:52:10.837Z","data":"hi 2"},{"id":27,"sender_user_id":4,"time_create":"2023-10-29T15:52:25.981Z","data":"hi"},{"id":28,"sender_user_id":5,"time_create":"2023-10-30T10:06:17.917Z","data":"hi"},{"id":29,"sender_user_id":5,"time_create":"2023-10-30T10:06:26.683Z","data":"hi 2"},{"id":30,"sender_user_id":6,"time_create":"2023-10-30T10:06:38.747Z","data":"hi"},{"id":31,"sender_user_id":5,"time_create":"2023-10-30T10:11:45.154Z","data":"h r u"},{"id":32,"sender_user_id":0,"time_create":"2023-10-30T10:18:02.673Z","data":"messages working"},{"id":33,"sender_user_id":6,"time_create":"2023-10-30T10:18:14.825Z","data":"yes"},{"id":34,"sender_user_id":0,"time_create":"2023-10-30T10:18:33.726Z","data":"test 2"},{"id":35,"sender_user_id":7,"time_create":"2023-10-30T10:31:25.537Z","data":"hi alex"},{"id":36,"sender_user_id":0,"time_create":"2023-10-30T10:31:42.851Z","data":"hru?"},{"id":37,"sender_user_id":7,"time_create":"2023-10-30T10:33:16.843Z","data":"hi"},{"id":38,"sender_user_id":8,"time_create":"2023-10-30T15:04:25.404Z","data":"dhdhdh"},{"id":39,"sender_user_id":0,"time_create":"2023-10-30T15:30:10.966Z","data":""}]