[
    {
        "news_id": 0,
        "user_id": 0,
        "time_create": "2023-10-18T13:10:38.116Z",
        "data": "Welcome to my network!"
    },
    {
        "news_id": 1,
        "user_id": 1,
        "time_create": "2023-10-18T14:10:38.115Z",
        "data": "Something 1)"
    },
    {
        "news_id": 2,
        "user_id": 1,
        "time_create": "2023-10-18T14:10:33.620Z",
        "data": "Something 2"
    },
    {
        "news_id": 3,
        "user_id": 2,
        "time_create": "2023-10-18T14:10:33.619Z",
        "data": "I'm Iaroslav"
    },
    {
        "news_id": 4,
        "user_id": 2,
        "time_create": "2023-10-18T14:10:19.270Z",
        "data": "Hi"
    },
    {
        "news_id": 5,
        "user_id": 3,
        "time_create": "2023-10-18T14:10:19.268Z",
        "data": "It's so beutifule!"
    },
    {
        "news_id": 6,
        "user_id": 0,
        "time_create": "2023-10-21T13:10:38.116Z",
        "data": "It's my first work!"
    },
    {
        "news_id": 7,
        "user_id": 0,
        "time_create": "2023-10-21T13:12:40.116Z",
        "data": "I love programing!\ndjnakdnvkndkvnakldvdakdsnvlksadnfklansdkvnklaDNSKLANDKSLDA DSAFKS'NDKFL;NDkbajkdbjak;sbdjkb asef;ja;sdfh;iadhf;sajidksl;hafkjsdnhfjk;asbdf; I love programing!\ndjnakdnvkndkvnakldvdakdsnvlksadnfklansdkvnklaDNSKLANDKSLDA DSAFKS'NDKFL;NDkbajkdbjak;sbdjkb asef;ja;sdfh;iadhf;sajidksl;hafkjsdnhfjk;asbdf; I love programing!\ndjnakdnvkndkvnakldvdakdsnvlksadnfklansdkvnklaDNSKLANDKSLDA DSAFKS'NDKFL;NDkbajkdbjak;sbdjkb asef;ja;sdfh;iadhf;sajidksl;hafkjsdnhfjk;asbdf; I love programing!\ndjnakdnvkndkvnakldvdakdsnvlksadnfklansdkvnklaDNSKLANDKSLDA DSAFKS'NDKFL;NDkbajkdbjak;sbdjkb asef;ja;sdfh;iadhf;sajidksl;hafkjsdnhfjk;asbdf;"
    },
    {
        "news_id": 8,
        "user_id": 3,
        "time_create": "2023-10-21T16:10:19.268Z",
        "data": "It's amazing"
    },
    {
        "news_id": 9,
        "user_id": 4,
        "time_create": "2023-10-22T15:10:19.268Z",
        "data": "VOLOGDA TOP ZA SVOI DENGY!"
    },
    {
        "news_id": 10,
        "user_id": 4,
        "time_create": "2023-10-22T16:12:19.268Z",
        "data": "THIS SOCIAL NETWORK SO GOOD"
    },
    {
        "news_id": 11,
        "user_id": 5,
        "time_create": "2023-10-19T16:12:19.268Z",
        "data": "I love my cats!"
    },
    {
        "news_id": 12,
        "user_id": 5,
        "time_create": "2023-10-21T16:12:19.268Z",
        "data": "So funny)"
    },
    {
        "news_id": 13,
        "user_id": 5,
        "time_create": "2023-10-20T17:13:19.268Z",
        "data": "Alex is my friend!"
    },
    {
        "news_id": 14,
        "user_id": 6,
        "time_create": "2023-10-18T22:13:19.268Z",
        "data": "WOW!!!!"
    },
    {
        "news_id": 15,
        "user_id": 6,
        "time_create": "2023-10-19T00:00:01.268Z",
        "data": "I am here!"
    }
]