[{"id":0,"name":"Alex","account":9747.727499999999,"stocks":{"APPL":{"count":25,"sum":3666.9901446319427},"SBUX":{"count":54,"sum":5193.68},"MSFT":{"count":0,"sum":0},"CSCO":{"count":0,"sum":0}}},{"id":1,"name":"Oleg","account":9376.5125,"stocks":{"APPL":{"count":5,"sum":623.4875000000001}}},{"id":2,"name":"Iaroslav","account":66.50500000000001,"stocks":{"AMZN":{"count":2,"sum":314.885},"APPL":{"count":1,"sum":118.61}}},{"id":3,"name":"Aleksander","account":900,"stocks":{}},{"id":4,"name":"Anton","account":6587.7142,"stocks":{"APPL":{"count":1,"sum":178.09580000000005},"SBUX":{"count":0,"sum":0},"MSFT":{"count":0,"sum":0},"QCOM":{"count":1,"sum":116.11},"CSCO":{"count":1,"sum":38.98}}},{"id":5,"name":"Artem","account":1369.62,"stocks":{"CSCO":{"count":10,"sum":531},"APPL":{"count":9,"sum":1083.6},"SBUX":{"count":1,"sum":100.62}}},{"id":6,"name":"Dima","account":3000.34,"stocks":{"APPL":{"count":0,"sum":0},"SBUX":{"count":1,"sum":75.25},"MSFT":{"count":1,"sum":296.66}}},{"id":7,"name":"pavel","account":849.51,"stocks":{"MSFT":{"count":5,"sum":1121.49}}}]