{ "compressionlevel":-1,
 "height":20,
 "infinite":false,
 "layers":[
        {
         "data":[13, 3, 3, 3, 3, 3, 3, 3, 3, 3, 3, 3, 3, 3, 3, 3, 3, 3, 3, 14,
            12, 0, 0, 0, 0, 0, 0, 0, 0, 0, 0, 0, 0, 0, 0, 0, 0, 0, 0, 12,
            12, 0, 2, 3, 3, 3, 4, 0, 2, 16, 3, 4, 0, 2, 3, 3, 3, 4, 0, 12,
            12, 0, 0, 0, 0, 0, 0, 0, 0, 12, 0, 0, 0, 0, 0, 0, 0, 0, 0, 12,
            24, 3, 14, 0, 1, 0, 13, 14, 0, 23, 0, 34, 0, 34, 0, 34, 0, 13, 3, 25,
            0, 0, 12, 0, 23, 0, 15, 25, 0, 0, 0, 0, 0, 0, 0, 0, 0, 12, 0, 0,
            0, 0, 12, 0, 0, 0, 24, 14, 0, 1, 0, 1, 0, 2, 3, 14, 0, 12, 0, 0,
            0, 0, 12, 0, 1, 0, 0, 12, 0, 12, 0, 12, 0, 0, 0, 12, 0, 12, 0, 0,
            3, 3, 25, 0, 24, 4, 0, 23, 0, 23, 0, 24, 3, 4, 0, 23, 0, 24, 3, 3,
            0, 0, 0, 0, 0, 0, 0, 0, 0, 0, 0, 0, 0, 0, 0, 0, 0, 0, 0, 0,
            3, 3, 14, 0, 13, 14, 0, 13, 4, 0, 0, 2, 14, 0, 13, 14, 0, 13, 3, 3,
            0, 0, 12, 0, 24, 25, 0, 12, 0, 0, 0, 0, 12, 0, 24, 25, 0, 12, 0, 0,
            0, 0, 12, 0, 0, 0, 0, 12, 0, 0, 0, 0, 12, 0, 0, 0, 0, 12, 0, 0,
            0, 0, 12, 0, 13, 14, 0, 24, 3, 3, 3, 3, 25, 0, 13, 14, 0, 12, 0, 0,
            13, 3, 25, 0, 24, 25, 0, 0, 0, 0, 0, 0, 0, 0, 24, 25, 0, 24, 3, 14,
            12, 0, 0, 0, 0, 0, 0, 13, 3, 3, 3, 3, 14, 0, 0, 0, 0, 0, 0, 12,
            12, 0, 13, 3, 3, 14, 0, 12, 0, 0, 0, 0, 12, 0, 13, 3, 4, 0, 2, 27,
            12, 0, 24, 3, 3, 25, 0, 23, 0, 0, 2, 3, 25, 0, 23, 0, 0, 0, 0, 12,
            12, 0, 0, 0, 0, 0, 0, 0, 0, 0, 0, 0, 0, 0, 0, 0, 1, 0, 34, 12,
            24, 3, 3, 3, 3, 3, 3, 3, 3, 3, 3, 3, 3, 3, 3, 3, 26, 3, 3, 25],
         "height":20,
         "id":1,
         "name":"Tile Layer 1",
         "opacity":1,
         "type":"tilelayer",
         "visible":true,
         "width":20,
         "x":0,
         "y":0
        }, 
        {
         "draworder":"topdown",
         "id":2,
         "name":"my_objects",
         "objects":[
                {
                 "gid":69,
                 "height":32,
                 "id":15,
                 "name":"pac_man",
                 "rotation":0,
                 "type":"Player",
                 "visible":true,
                 "width":32,
                 "x":320,
                 "y":608
                }, 
                {
                 "gid":79,
                 "height":32,
                 "id":16,
                 "name":"ghost_red",
                 "rotation":0,
                 "type":"Ghost",
                 "visible":true,
                 "width":32,
                 "x":288,
                 "y":384
                }, 
                {
                 "gid":77,
                 "height":32,
                 "id":17,
                 "name":"ghost_orange",
                 "rotation":0,
                 "type":"Ghost",
                 "visible":true,
                 "width":32,
                 "x":320,
                 "y":384
                }, 
                {
                 "gid":78,
                 "height":32,
                 "id":18,
                 "name":"ghost_pink",
                 "rotation":0,
                 "type":"Ghost",
                 "visible":true,
                 "width":32,
                 "x":256,
                 "y":416
                }, 
                {
                 "gid":76,
                 "height":32,
                 "id":19,
                 "name":"ghost_blue",
                 "rotation":0,
                 "type":"Ghost",
                 "visible":true,
                 "width":32,
                 "x":352,
                 "y":416
                }, 
                {
                 "gid":80,
                 "height":32,
                 "id":20,
                 "name":"cherry",
                 "rotation":0,
                 "type":"Bonus",
                 "visible":true,
                 "width":32,
                 "x":32,
                 "y":512
                }, 
                {
                 "gid":80,
                 "height":32,
                 "id":21,
                 "name":"cherry",
                 "rotation":0,
                 "type":"Bonus",
                 "visible":true,
                 "width":32,
                 "x":480,
                 "y":416
                }, 
                {
                 "gid":80,
                 "height":32,
                 "id":22,
                 "name":"cherry",
                 "rotation":0,
                 "type":"Bonus",
                 "visible":true,
                 "width":32,
                 "x":448,
                 "y":192
                }, 
                {
                 "gid":80,
                 "height":32,
                 "id":23,
                 "name":"cherry",
                 "rotation":0,
                 "type":"Bonus",
                 "visible":true,
                 "width":32,
                 "x":128,
                 "y":224
                }, 
                {
                 "gid":68,
                 "height":16,
                 "id":25,
                 "name":"power",
                 "rotation":0,
                 "type":"Bonus",
                 "visible":true,
                 "width":16,
                 "x":360,
                 "y":536
                }, 
                {
                 "gid":68,
                 "height":16,
                 "id":26,
                 "name":"power",
                 "rotation":0,
                 "type":"Bonus",
                 "visible":true,
                 "width":16,
                 "x":552,
                 "y":600
                }, 
                {
                 "gid":68,
                 "height":16,
                 "id":27,
                 "name":"power",
                 "rotation":0,
                 "type":"Bonus",
                 "visible":true,
                 "width":16,
                 "x":40,
                 "y":568
                }, 
                {
                 "gid":68,
                 "height":16,
                 "id":28,
                 "name":"power",
                 "rotation":0,
                 "type":"Bonus",
                 "visible":true,
                 "width":16,
                 "x":264,
                 "y":472
                }, 
                {
                 "gid":68,
                 "height":16,
                 "id":29,
                 "name":"power",
                 "rotation":0,
                 "type":"Bonus",
                 "visible":true,
                 "width":16,
                 "x":104,
                 "y":344
                }, 
                {
                 "gid":68,
                 "height":16,
                 "id":30,
                 "name":"power",
                 "rotation":0,
                 "type":"Bonus",
                 "visible":true,
                 "width":16,
                 "x":424,
                 "y":344
                }, 
                {
                 "gid":68,
                 "height":16,
                 "id":31,
                 "name":"power",
                 "rotation":0,
                 "type":"Bonus",
                 "visible":true,
                 "width":16,
                 "x":360,
                 "y":184
                }, 
                {
                 "gid":68,
                 "height":16,
                 "id":32,
                 "name":"power",
                 "rotation":0,
                 "type":"Bonus",
                 "visible":true,
                 "width":16,
                 "x":136,
                 "y":120
                }, 
                {
                 "gid":68,
                 "height":16,
                 "id":33,
                 "name":"power",
                 "rotation":0,
                 "type":"Bonus",
                 "visible":true,
                 "width":16,
                 "x":424,
                 "y":120
                }, 
                {
                 "gid":68,
                 "height":16,
                 "id":34,
                 "name":"power",
                 "rotation":0,
                 "type":"Bonus",
                 "visible":true,
                 "width":16,
                 "x":296,
                 "y":56
                }, 
                {
                 "gid":67,
                 "height":8,
                 "id":35,
                 "name":"pill",
                 "rotation":0,
                 "type":"Bonus",
                 "visible":true,
                 "width":8,
                 "x":364,
                 "y":596
                },
            
                {
                 "gid":67,
                 "height":8,
                 "id":36,
                 "name":"pill",
                 "rotation":0,
                 "type":"Bonus",
                 "visible":true,
                 "width":8,
                 "x":396,
                 "y":596
                }, 
                {
                 "gid":67,
                 "height":8,
                 "id":37,
                 "name":"pill",
                 "rotation":0,
                 "type":"Bonus",
                 "visible":true,
                 "width":8,
                 "x":428,
                 "y":596
                }, 
                {
                 "gid":67,
                 "height":8,
                 "id":38,
                 "name":"pill",
                 "rotation":0,
                 "type":"Bonus",
                 "visible":true,
                 "width":8,
                 "x":460,
                 "y":596
                }, 
                {
                 "gid":67,
                 "height":8,
                 "id":39,
                 "name":"pill",
                 "rotation":0,
                 "type":"Bonus",
                 "visible":true,
                 "width":8,
                 "x":492,
                 "y":596
                }, 
                {
                 "gid":67,
                 "height":8,
                 "id":40,
                 "name":"pill",
                 "rotation":0,
                 "type":"Bonus",
                 "visible":true,
                 "width":8,
                 "x":492,
                 "y":564
                }, 
                {
                 "gid":67,
                 "height":8,
                 "id":41,
                 "name":"pill",
                 "rotation":0,
                 "type":"Bonus",
                 "visible":true,
                 "width":8,
                 "x":524,
                 "y":564
                }, 
                {
                 "gid":67,
                 "height":8,
                 "id":42,
                 "name":"pill",
                 "rotation":0,
                 "type":"Bonus",
                 "visible":true,
                 "width":8,
                 "x":556,
                 "y":564
                }, 
                {
                 "gid":67,
                 "height":8,
                 "id":43,
                 "name":"pill",
                 "rotation":0,
                 "type":"Bonus",
                 "visible":true,
                 "width":8,
                 "x":588,
                 "y":564
                }, 
                {
                 "gid":67,
                 "height":8,
                 "id":44,
                 "name":"pill",
                 "rotation":0,
                 "type":"Bonus",
                 "visible":true,
                 "width":8,
                 "x":556,
                 "y":532
                }, 
                {
                 "gid":67,
                 "height":8,
                 "id":45,
                 "name":"pill",
                 "rotation":0,
                 "type":"Bonus",
                 "visible":true,
                 "width":8,
                 "x":556,
                 "y":500
                }, 
                {
                 "gid":67,
                 "height":8,
                 "id":46,
                 "name":"pill",
                 "rotation":0,
                 "type":"Bonus",
                 "visible":true,
                 "width":8,
                 "x":588,
                 "y":500
                }, 
                {
                 "gid":67,
                 "height":8,
                 "id":47,
                 "name":"pill",
                 "rotation":0,
                 "type":"Bonus",
                 "visible":true,
                 "width":8,
                 "x":524,
                 "y":500
                }, 
                {
                 "gid":67,
                 "height":8,
                 "id":48,
                 "name":"pill",
                 "rotation":0,
                 "type":"Bonus",
                 "visible":true,
                 "width":8,
                 "x":492,
                 "y":500
                }, 
                {
                 "gid":67,
                 "height":8,
                 "id":49,
                 "name":"pill",
                 "rotation":0,
                 "type":"Bonus",
                 "visible":true,
                 "width":8,
                 "x":460,
                 "y":500
                }, 
                {
                 "gid":67,
                 "height":8,
                 "id":50,
                 "name":"pill",
                 "rotation":0,
                 "type":"Bonus",
                 "visible":true,
                 "width":8,
                 "x":428,
                 "y":500
                }, 
                {
                 "gid":67,
                 "height":8,
                 "id":51,
                 "name":"pill",
                 "rotation":0,
                 "type":"Bonus",
                 "visible":true,
                 "width":8,
                 "x":428,
                 "y":532
                }, 
                {
                 "gid":67,
                 "height":8,
                 "id":52,
                 "name":"pill",
                 "rotation":0,
                 "type":"Bonus",
                 "visible":true,
                 "width":8,
                 "x":428,
                 "y":564
                }, 
                {
                 "gid":67,
                 "height":8,
                 "id":53,
                 "name":"pill",
                 "rotation":0,
                 "type":"Bonus",
                 "visible":true,
                 "width":8,
                 "x":428,
                 "y":468
                }, 
                {
                 "gid":67,
                 "height":8,
                 "id":54,
                 "name":"pill",
                 "rotation":0,
                 "type":"Bonus",
                 "visible":true,
                 "width":8,
                 "x":428,
                 "y":436
                }, 
                {
                 "gid":67,
                 "height":8,
                 "id":55,
                 "name":"pill",
                 "rotation":0,
                 "type":"Bonus",
                 "visible":true,
                 "width":8,
                 "x":428,
                 "y":404
                },
            
                {
                 "gid":67,
                 "height":8,
                 "id":56,
                 "name":"pill",
                 "rotation":0,
                 "type":"Bonus",
                 "visible":true,
                 "width":8,
                 "x":428,
                 "y":372
                }, 
                {
                 "gid":67,
                 "height":8,
                 "id":57,
                 "name":"pill",
                 "rotation":0,
                 "type":"Bonus",
                 "visible":true,
                 "width":8,
                 "x":300,
                 "y":596
                }, 
                {
                 "gid":67,
                 "height":8,
                 "id":58,
                 "name":"pill",
                 "rotation":0,
                 "type":"Bonus",
                 "visible":true,
                 "width":8,
                 "x":268,
                 "y":596
                }, 
                {
                 "gid":67,
                 "height":8,
                 "id":59,
                 "name":"pill",
                 "rotation":0,
                 "type":"Bonus",
                 "visible":true,
                 "width":8,
                 "x":268,
                 "y":564
                }, 
                {
                 "gid":67,
                 "height":8,
                 "id":60,
                 "name":"pill",
                 "rotation":0,
                 "type":"Bonus",
                 "visible":true,
                 "width":8,
                 "x":300,
                 "y":564
                }, 
                {
                 "gid":67,
                 "height":8,
                 "id":61,
                 "name":"pill",
                 "rotation":0,
                 "type":"Bonus",
                 "visible":true,
                 "width":8,
                 "x":268,
                 "y":532
                }, 
                {
                 "gid":67,
                 "height":8,
                 "id":62,
                 "name":"pill",
                 "rotation":0,
                 "type":"Bonus",
                 "visible":true,
                 "width":8,
                 "x":300,
                 "y":532
                }, 
                {
                 "gid":67,
                 "height":8,
                 "id":63,
                 "name":"pill",
                 "rotation":0,
                 "type":"Bonus",
                 "visible":true,
                 "width":8,
                 "x":332,
                 "y":532
                }, 
                {
                 "gid":67,
                 "height":8,
                 "id":64,
                 "name":"pill",
                 "rotation":0,
                 "type":"Bonus",
                 "visible":true,
                 "width":8,
                 "x":236,
                 "y":596
                }, 
                {
                 "gid":67,
                 "height":8,
                 "id":65,
                 "name":"pill",
                 "rotation":0,
                 "type":"Bonus",
                 "visible":true,
                 "width":8,
                 "x":204,
                 "y":596
                }, 
                {
                 "gid":67,
                 "height":8,
                 "id":66,
                 "name":"pill",
                 "rotation":0,
                 "type":"Bonus",
                 "visible":true,
                 "width":8,
                 "x":172,
                 "y":596
                }, 
                {
                 "gid":67,
                 "height":8,
                 "id":67,
                 "name":"pill",
                 "rotation":0,
                 "type":"Bonus",
                 "visible":true,
                 "width":8,
                 "x":140,
                 "y":596
                }, 
                {
                 "gid":67,
                 "height":8,
                 "id":68,
                 "name":"pill",
                 "rotation":0,
                 "type":"Bonus",
                 "visible":true,
                 "width":8,
                 "x":108,
                 "y":596
                }, 
                {
                 "gid":67,
                 "height":8,
                 "id":69,
                 "name":"pill",
                 "rotation":0,
                 "type":"Bonus",
                 "visible":true,
                 "width":8,
                 "x":76,
                 "y":596
                }, 
                {
                 "gid":67,
                 "height":8,
                 "id":70,
                 "name":"pill",
                 "rotation":0,
                 "type":"Bonus",
                 "visible":true,
                 "width":8,
                 "x":44,
                 "y":596
                }, 
                {
                 "gid":67,
                 "height":8,
                 "id":71,
                 "name":"pill",
                 "rotation":0,
                 "type":"Bonus",
                 "visible":true,
                 "width":8,
                 "x":44,
                 "y":532
                }, 
                {
                 "gid":67,
                 "height":8,
                 "id":72,
                 "name":"pill",
                 "rotation":0,
                 "type":"Bonus",
                 "visible":true,
                 "width":8,
                 "x":76,
                 "y":500
                }, 
                {
                 "gid":67,
                 "height":8,
                 "id":73,
                 "name":"pill",
                 "rotation":0,
                 "type":"Bonus",
                 "visible":true,
                 "width":8,
                 "x":108,
                 "y":500
                }, 
                {
                 "gid":67,
                 "height":8,
                 "id":74,
                 "name":"pill",
                 "rotation":0,
                 "type":"Bonus",
                 "visible":true,
                 "width":8,
                 "x":140,
                 "y":500
                }, 
                {
                 "gid":67,
                 "height":8,
                 "id":75,
                 "name":"pill",
                 "rotation":0,
                 "type":"Bonus",
                 "visible":true,
                 "width":8,
                 "x":172,
                 "y":500
                },
            
                {
                 "gid":67,
                 "height":8,
                 "id":76,
                 "name":"pill",
                 "rotation":0,
                 "type":"Bonus",
                 "visible":true,
                 "width":8,
                 "x":204,
                 "y":500
                }, 
                {
                 "gid":67,
                 "height":8,
                 "id":77,
                 "name":"pill",
                 "rotation":0,
                 "type":"Bonus",
                 "visible":true,
                 "width":8,
                 "x":204,
                 "y":532
                }, 
                {
                 "gid":67,
                 "height":8,
                 "id":78,
                 "name":"pill",
                 "rotation":0,
                 "type":"Bonus",
                 "visible":true,
                 "width":8,
                 "x":204,
                 "y":564
                }, 
                {
                 "gid":67,
                 "height":8,
                 "id":79,
                 "name":"pill",
                 "rotation":0,
                 "type":"Bonus",
                 "visible":true,
                 "width":8,
                 "x":108,
                 "y":468
                }, 
                {
                 "gid":67,
                 "height":8,
                 "id":80,
                 "name":"pill",
                 "rotation":0,
                 "type":"Bonus",
                 "visible":true,
                 "width":8,
                 "x":204,
                 "y":468
                }, 
                {
                 "gid":67,
                 "height":8,
                 "id":81,
                 "name":"pill",
                 "rotation":0,
                 "type":"Bonus",
                 "visible":true,
                 "width":8,
                 "x":236,
                 "y":468
                }, 
                {
                 "gid":67,
                 "height":8,
                 "id":82,
                 "name":"pill",
                 "rotation":0,
                 "type":"Bonus",
                 "visible":true,
                 "width":8,
                 "x":300,
                 "y":468
                }, 
                {
                 "gid":67,
                 "height":8,
                 "id":83,
                 "name":"pill",
                 "rotation":0,
                 "type":"Bonus",
                 "visible":true,
                 "width":8,
                 "x":332,
                 "y":468
                }, 
                {
                 "gid":67,
                 "height":8,
                 "id":84,
                 "name":"pill",
                 "rotation":0,
                 "type":"Bonus",
                 "visible":true,
                 "width":8,
                 "x":364,
                 "y":468
                }, 
                {
                 "gid":67,
                 "height":8,
                 "id":85,
                 "name":"pill",
                 "rotation":0,
                 "type":"Bonus",
                 "visible":true,
                 "width":8,
                 "x":396,
                 "y":468
                }, 
                {
                 "gid":67,
                 "height":8,
                 "id":86,
                 "name":"pill",
                 "rotation":0,
                 "type":"Bonus",
                 "visible":true,
                 "width":8,
                 "x":204,
                 "y":436
                }, 
                {
                 "gid":67,
                 "height":8,
                 "id":87,
                 "name":"pill",
                 "rotation":0,
                 "type":"Bonus",
                 "visible":true,
                 "width":8,
                 "x":204,
                 "y":404
                }, 
                {
                 "gid":67,
                 "height":8,
                 "id":88,
                 "name":"pill",
                 "rotation":0,
                 "type":"Bonus",
                 "visible":true,
                 "width":8,
                 "x":172,
                 "y":404
                }, 
                {
                 "gid":67,
                 "height":8,
                 "id":89,
                 "name":"pill",
                 "rotation":0,
                 "type":"Bonus",
                 "visible":true,
                 "width":8,
                 "x":140,
                 "y":404
                }, 
                {
                 "gid":67,
                 "height":8,
                 "id":90,
                 "name":"pill",
                 "rotation":0,
                 "type":"Bonus",
                 "visible":true,
                 "width":8,
                 "x":108,
                 "y":404
                }, 
                {
                 "gid":67,
                 "height":8,
                 "id":91,
                 "name":"pill",
                 "rotation":0,
                 "type":"Bonus",
                 "visible":true,
                 "width":8,
                 "x":108,
                 "y":436
                }, 
                {
                 "gid":67,
                 "height":8,
                 "id":92,
                 "name":"pill",
                 "rotation":0,
                 "type":"Bonus",
                 "visible":true,
                 "width":8,
                 "x":12,
                 "y":308
                }, 
                {
                 "gid":67,
                 "height":8,
                 "id":93,
                 "name":"pill",
                 "rotation":0,
                 "type":"Bonus",
                 "visible":true,
                 "width":8,
                 "x":44.6667,
                 "y":308
                }, 
                {
                 "gid":67,
                 "height":8,
                 "id":94,
                 "name":"pill",
                 "rotation":0,
                 "type":"Bonus",
                 "visible":true,
                 "width":8,
                 "x":76,
                 "y":308
                }, 
                {
                 "gid":67,
                 "height":8,
                 "id":95,
                 "name":"pill",
                 "rotation":0,
                 "type":"Bonus",
                 "visible":true,
                 "width":8,
                 "x":108,
                 "y":308
                },
            
                {
                 "gid":67,
                 "height":8,
                 "id":96,
                 "name":"pill",
                 "rotation":0,
                 "type":"Bonus",
                 "visible":true,
                 "width":8,
                 "x":140,
                 "y":308
                }, 
                {
                 "gid":67,
                 "height":8,
                 "id":97,
                 "name":"pill",
                 "rotation":0,
                 "type":"Bonus",
                 "visible":true,
                 "width":8,
                 "x":172,
                 "y":308
                }, 
                {
                 "gid":67,
                 "height":8,
                 "id":98,
                 "name":"pill",
                 "rotation":0,
                 "type":"Bonus",
                 "visible":true,
                 "width":8,
                 "x":204,
                 "y":308
                }, 
                {
                 "gid":67,
                 "height":8,
                 "id":99,
                 "name":"pill",
                 "rotation":0,
                 "type":"Bonus",
                 "visible":true,
                 "width":8,
                 "x":204,
                 "y":340
                }, 
                {
                 "gid":67,
                 "height":8,
                 "id":100,
                 "name":"pill",
                 "rotation":0,
                 "type":"Bonus",
                 "visible":true,
                 "width":8,
                 "x":204,
                 "y":372
                }, 
                {
                 "gid":67,
                 "height":8,
                 "id":101,
                 "name":"pill",
                 "rotation":0,
                 "type":"Bonus",
                 "visible":true,
                 "width":8,
                 "x":236,
                 "y":308
                }, 
                {
                 "gid":67,
                 "height":8,
                 "id":102,
                 "name":"pill",
                 "rotation":0,
                 "type":"Bonus",
                 "visible":true,
                 "width":8,
                 "x":268,
                 "y":308
                }, 
                {
                 "gid":67,
                 "height":8,
                 "id":103,
                 "name":"pill",
                 "rotation":0,
                 "type":"Bonus",
                 "visible":true,
                 "width":8,
                 "x":300,
                 "y":308
                }, 
                {
                 "gid":67,
                 "height":8,
                 "id":104,
                 "name":"pill",
                 "rotation":0,
                 "type":"Bonus",
                 "visible":true,
                 "width":8,
                 "x":332,
                 "y":308
                }, 
                {
                 "gid":67,
                 "height":8,
                 "id":105,
                 "name":"pill",
                 "rotation":0,
                 "type":"Bonus",
                 "visible":true,
                 "width":8,
                 "x":364,
                 "y":308
                }, 
                {
                 "gid":67,
                 "height":8,
                 "id":106,
                 "name":"pill",
                 "rotation":0,
                 "type":"Bonus",
                 "visible":true,
                 "width":8,
                 "x":396,
                 "y":308
                }, 
                {
                 "gid":67,
                 "height":8,
                 "id":107,
                 "name":"pill",
                 "rotation":0,
                 "type":"Bonus",
                 "visible":true,
                 "width":8,
                 "x":428,
                 "y":308
                }, 
                {
                 "gid":67,
                 "height":8,
                 "id":108,
                 "name":"pill",
                 "rotation":0,
                 "type":"Bonus",
                 "visible":true,
                 "width":8,
                 "x":460,
                 "y":308
                }, 
                {
                 "gid":67,
                 "height":8,
                 "id":109,
                 "name":"pill",
                 "rotation":0,
                 "type":"Bonus",
                 "visible":true,
                 "width":8,
                 "x":492,
                 "y":308
                }, 
                {
                 "gid":67,
                 "height":8,
                 "id":110,
                 "name":"pill",
                 "rotation":0,
                 "type":"Bonus",
                 "visible":true,
                 "width":8,
                 "x":524,
                 "y":308
                }, 
                {
                 "gid":67,
                 "height":8,
                 "id":111,
                 "name":"pill",
                 "rotation":0,
                 "type":"Bonus",
                 "visible":true,
                 "width":8,
                 "x":556,
                 "y":308
                }, 
                {
                 "gid":67,
                 "height":8,
                 "id":112,
                 "name":"pill",
                 "rotation":0,
                 "type":"Bonus",
                 "visible":true,
                 "width":8,
                 "x":588,
                 "y":308
                }, 
                {
                 "gid":67,
                 "height":8,
                 "id":113,
                 "name":"pill",
                 "rotation":0,
                 "type":"Bonus",
                 "visible":true,
                 "width":8,
                 "x":620,
                 "y":308
                }, 
                {
                 "gid":67,
                 "height":8,
                 "id":114,
                 "name":"pill",
                 "rotation":0,
                 "type":"Bonus",
                 "visible":true,
                 "width":8,
                 "x":524,
                 "y":340
                }, 
                {
                 "gid":67,
                 "height":8,
                 "id":115,
                 "name":"pill",
                 "rotation":0,
                 "type":"Bonus",
                 "visible":true,
                 "width":8,
                 "x":524,
                 "y":372
                },
            
                {
                 "gid":67,
                 "height":8,
                 "id":116,
                 "name":"pill",
                 "rotation":0,
                 "type":"Bonus",
                 "visible":true,
                 "width":8,
                 "x":524,
                 "y":404
                }, 
                {
                 "gid":67,
                 "height":8,
                 "id":117,
                 "name":"pill",
                 "rotation":0,
                 "type":"Bonus",
                 "visible":true,
                 "width":8,
                 "x":524,
                 "y":436
                }, 
                {
                 "gid":67,
                 "height":8,
                 "id":118,
                 "name":"pill",
                 "rotation":0,
                 "type":"Bonus",
                 "visible":true,
                 "width":8,
                 "x":524,
                 "y":468
                }, 
                {
                 "gid":67,
                 "height":8,
                 "id":119,
                 "name":"pill",
                 "rotation":0,
                 "type":"Bonus",
                 "visible":true,
                 "width":8,
                 "x":460,
                 "y":404
                }, 
                {
                 "gid":67,
                 "height":8,
                 "id":120,
                 "name":"pill",
                 "rotation":0,
                 "type":"Bonus",
                 "visible":true,
                 "width":8,
                 "x":268,
                 "y":276
                }, 
                {
                 "gid":67,
                 "height":8,
                 "id":121,
                 "name":"pill",
                 "rotation":0,
                 "type":"Bonus",
                 "visible":true,
                 "width":8,
                 "x":268,
                 "y":244
                }, 
                {
                 "gid":67,
                 "height":8,
                 "id":122,
                 "name":"pill",
                 "rotation":0,
                 "type":"Bonus",
                 "visible":true,
                 "width":8,
                 "x":268,
                 "y":212
                }, 
                {
                 "gid":67,
                 "height":8,
                 "id":123,
                 "name":"pill",
                 "rotation":0,
                 "type":"Bonus",
                 "visible":true,
                 "width":8,
                 "x":268,
                 "y":180
                }, 
                {
                 "gid":67,
                 "height":8,
                 "id":124,
                 "name":"pill",
                 "rotation":0,
                 "type":"Bonus",
                 "visible":true,
                 "width":8,
                 "x":268,
                 "y":148
                }, 
                {
                 "gid":67,
                 "height":8,
                 "id":125,
                 "name":"pill",
                 "rotation":0,
                 "type":"Bonus",
                 "visible":true,
                 "width":8,
                 "x":268,
                 "y":116
                }, 
                {
                 "gid":67,
                 "height":8,
                 "id":126,
                 "name":"pill",
                 "rotation":0,
                 "type":"Bonus",
                 "visible":true,
                 "width":8,
                 "x":300,
                 "y":180
                }, 
                {
                 "gid":67,
                 "height":8,
                 "id":127,
                 "name":"pill",
                 "rotation":0,
                 "type":"Bonus",
                 "visible":true,
                 "width":8,
                 "x":332,
                 "y":180
                }, 
                {
                 "gid":67,
                 "height":8,
                 "id":128,
                 "name":"pill",
                 "rotation":0,
                 "type":"Bonus",
                 "visible":true,
                 "width":8,
                 "x":332,
                 "y":212
                }, 
                {
                 "gid":67,
                 "height":8,
                 "id":129,
                 "name":"pill",
                 "rotation":0,
                 "type":"Bonus",
                 "visible":true,
                 "width":8,
                 "x":332,
                 "y":244
                }, 
                {
                 "gid":67,
                 "height":8,
                 "id":130,
                 "name":"pill",
                 "rotation":0,
                 "type":"Bonus",
                 "visible":true,
                 "width":8,
                 "x":332,
                 "y":276
                }, 
                {
                 "gid":67,
                 "height":8,
                 "id":131,
                 "name":"pill",
                 "rotation":0,
                 "type":"Bonus",
                 "visible":true,
                 "width":8,
                 "x":332,
                 "y":148
                }, 
                {
                 "gid":67,
                 "height":8,
                 "id":132,
                 "name":"pill",
                 "rotation":0,
                 "type":"Bonus",
                 "visible":true,
                 "width":8,
                 "x":332,
                 "y":116
                }, 
                {
                 "gid":67,
                 "height":8,
                 "id":133,
                 "name":"pill",
                 "rotation":0,
                 "type":"Bonus",
                 "visible":true,
                 "width":8,
                 "x":364,
                 "y":116
                }, 
                {
                 "gid":67,
                 "height":8,
                 "id":134,
                 "name":"pill",
                 "rotation":0,
                 "type":"Bonus",
                 "visible":true,
                 "width":8,
                 "x":396,
                 "y":116
                }, 
                {
                 "gid":67,
                 "height":8,
                 "id":135,
                 "name":"pill",
                 "rotation":0,
                 "type":"Bonus",
                 "visible":true,
                 "width":8,
                 "x":396,
                 "y":148
                },
            
                {
                 "gid":67,
                 "height":8,
                 "id":136,
                 "name":"pill",
                 "rotation":0,
                 "type":"Bonus",
                 "visible":true,
                 "width":8,
                 "x":396,
                 "y":180
                }, 
                {
                 "gid":67,
                 "height":8,
                 "id":137,
                 "name":"pill",
                 "rotation":0,
                 "type":"Bonus",
                 "visible":true,
                 "width":8,
                 "x":396,
                 "y":212
                }, 
                {
                 "gid":67,
                 "height":8,
                 "id":138,
                 "name":"pill",
                 "rotation":0,
                 "type":"Bonus",
                 "visible":true,
                 "width":8,
                 "x":396,
                 "y":244
                }, 
                {
                 "gid":67,
                 "height":8,
                 "id":139,
                 "name":"pill",
                 "rotation":0,
                 "type":"Bonus",
                 "visible":true,
                 "width":8,
                 "x":428,
                 "y":244
                }, 
                {
                 "gid":67,
                 "height":8,
                 "id":140,
                 "name":"pill",
                 "rotation":0,
                 "type":"Bonus",
                 "visible":true,
                 "width":8,
                 "x":460,
                 "y":244
                }, 
                {
                 "gid":67,
                 "height":8,
                 "id":141,
                 "name":"pill",
                 "rotation":0,
                 "type":"Bonus",
                 "visible":true,
                 "width":8,
                 "x":460,
                 "y":276
                }, 
                {
                 "gid":67,
                 "height":8,
                 "id":142,
                 "name":"pill",
                 "rotation":0,
                 "type":"Bonus",
                 "visible":true,
                 "width":8,
                 "x":524,
                 "y":276
                }, 
                {
                 "gid":67,
                 "height":8,
                 "id":143,
                 "name":"pill",
                 "rotation":0,
                 "type":"Bonus",
                 "visible":true,
                 "width":8,
                 "x":524,
                 "y":244
                }, 
                {
                 "gid":67,
                 "height":8,
                 "id":144,
                 "name":"pill",
                 "rotation":0,
                 "type":"Bonus",
                 "visible":true,
                 "width":8,
                 "x":524,
                 "y":212
                }, 
                {
                 "gid":67,
                 "height":8,
                 "id":145,
                 "name":"pill",
                 "rotation":0,
                 "type":"Bonus",
                 "visible":true,
                 "width":8,
                 "x":524,
                 "y":180
                }, 
                {
                 "gid":67,
                 "height":8,
                 "id":146,
                 "name":"pill",
                 "rotation":0,
                 "type":"Bonus",
                 "visible":true,
                 "width":8,
                 "x":492,
                 "y":180
                }, 
                {
                 "gid":67,
                 "height":8,
                 "id":147,
                 "name":"pill",
                 "rotation":0,
                 "type":"Bonus",
                 "visible":true,
                 "width":8,
                 "x":460,
                 "y":148
                }, 
                {
                 "gid":67,
                 "height":8,
                 "id":148,
                 "name":"pill",
                 "rotation":0,
                 "type":"Bonus",
                 "visible":true,
                 "width":8,
                 "x":460,
                 "y":116
                }, 
                {
                 "gid":67,
                 "height":8,
                 "id":149,
                 "name":"pill",
                 "rotation":0,
                 "type":"Bonus",
                 "visible":true,
                 "width":8,
                 "x":492,
                 "y":116
                }, 
                {
                 "gid":67,
                 "height":8,
                 "id":150,
                 "name":"pill",
                 "rotation":0,
                 "type":"Bonus",
                 "visible":true,
                 "width":8,
                 "x":524,
                 "y":116
                }, 
                {
                 "gid":67,
                 "height":8,
                 "id":151,
                 "name":"pill",
                 "rotation":0,
                 "type":"Bonus",
                 "visible":true,
                 "width":8,
                 "x":524,
                 "y":148
                }, 
                {
                 "gid":67,
                 "height":8,
                 "id":152,
                 "name":"pill",
                 "rotation":0,
                 "type":"Bonus",
                 "visible":true,
                 "width":8,
                 "x":556,
                 "y":116
                }, 
                {
                 "gid":67,
                 "height":8,
                 "id":153,
                 "name":"pill",
                 "rotation":0,
                 "type":"Bonus",
                 "visible":true,
                 "width":8,
                 "x":588,
                 "y":116
                }, 
                {
                 "gid":67,
                 "height":8,
                 "id":154,
                 "name":"pill",
                 "rotation":0,
                 "type":"Bonus",
                 "visible":true,
                 "width":8,
                 "x":588,
                 "y":84
                }, 
                {
                 "gid":67,
                 "height":8,
                 "id":155,
                 "name":"pill",
                 "rotation":0,
                 "type":"Bonus",
                 "visible":true,
                 "width":8,
                 "x":588,
                 "y":52
                },
            
                {
                 "gid":67,
                 "height":8,
                 "id":156,
                 "name":"pill",
                 "rotation":0,
                 "type":"Bonus",
                 "visible":true,
                 "width":8,
                 "x":556,
                 "y":52
                }, 
                {
                 "gid":67,
                 "height":8,
                 "id":157,
                 "name":"pill",
                 "rotation":0,
                 "type":"Bonus",
                 "visible":true,
                 "width":8,
                 "x":524,
                 "y":52
                }, 
                {
                 "gid":67,
                 "height":8,
                 "id":158,
                 "name":"pill",
                 "rotation":0,
                 "type":"Bonus",
                 "visible":true,
                 "width":8,
                 "x":492,
                 "y":52
                }, 
                {
                 "gid":67,
                 "height":8,
                 "id":159,
                 "name":"pill",
                 "rotation":0,
                 "type":"Bonus",
                 "visible":true,
                 "width":8,
                 "x":460,
                 "y":52
                }, 
                {
                 "gid":67,
                 "height":8,
                 "id":160,
                 "name":"pill",
                 "rotation":0,
                 "type":"Bonus",
                 "visible":true,
                 "width":8,
                 "x":428,
                 "y":52
                }, 
                {
                 "gid":67,
                 "height":8,
                 "id":161,
                 "name":"pill",
                 "rotation":0,
                 "type":"Bonus",
                 "visible":true,
                 "width":8,
                 "x":396,
                 "y":52
                }, 
                {
                 "gid":67,
                 "height":8,
                 "id":162,
                 "name":"pill",
                 "rotation":0,
                 "type":"Bonus",
                 "visible":true,
                 "width":8,
                 "x":396,
                 "y":84
                }, 
                {
                 "gid":67,
                 "height":8,
                 "id":163,
                 "name":"pill",
                 "rotation":0,
                 "type":"Bonus",
                 "visible":true,
                 "width":8,
                 "x":364,
                 "y":52
                }, 
                {
                 "gid":67,
                 "height":8,
                 "id":164,
                 "name":"pill",
                 "rotation":0,
                 "type":"Bonus",
                 "visible":true,
                 "width":8,
                 "x":332,
                 "y":52
                }, 
                {
                 "gid":67,
                 "height":8,
                 "id":165,
                 "name":"pill",
                 "rotation":0,
                 "type":"Bonus",
                 "visible":true,
                 "width":8,
                 "x":236,
                 "y":116
                }, 
                {
                 "gid":67,
                 "height":8,
                 "id":166,
                 "name":"pill",
                 "rotation":0,
                 "type":"Bonus",
                 "visible":true,
                 "width":8,
                 "x":236,
                 "y":84
                }, 
                {
                 "gid":67,
                 "height":8,
                 "id":167,
                 "name":"pill",
                 "rotation":0,
                 "type":"Bonus",
                 "visible":true,
                 "width":8,
                 "x":236,
                 "y":52
                }, 
                {
                 "gid":67,
                 "height":8,
                 "id":168,
                 "name":"pill",
                 "rotation":0,
                 "type":"Bonus",
                 "visible":true,
                 "width":8,
                 "x":268,
                 "y":52
                }, 
                {
                 "gid":67,
                 "height":8,
                 "id":169,
                 "name":"pill",
                 "rotation":0,
                 "type":"Bonus",
                 "visible":true,
                 "width":8,
                 "x":204,
                 "y":276
                }, 
                {
                 "gid":67,
                 "height":8,
                 "id":170,
                 "name":"pill",
                 "rotation":0,
                 "type":"Bonus",
                 "visible":true,
                 "width":8,
                 "x":204,
                 "y":244
                }, 
                {
                 "gid":67,
                 "height":8,
                 "id":171,
                 "name":"pill",
                 "rotation":0,
                 "type":"Bonus",
                 "visible":true,
                 "width":8,
                 "x":172,
                 "y":244
                }, 
                {
                 "gid":67,
                 "height":8,
                 "id":172,
                 "name":"pill",
                 "rotation":0,
                 "type":"Bonus",
                 "visible":true,
                 "width":8,
                 "x":172,
                 "y":212
                }, 
                {
                 "gid":67,
                 "height":8,
                 "id":173,
                 "name":"pill",
                 "rotation":0,
                 "type":"Bonus",
                 "visible":true,
                 "width":8,
                 "x":108,
                 "y":276
                }, 
                {
                 "gid":67,
                 "height":8,
                 "id":174,
                 "name":"pill",
                 "rotation":0,
                 "type":"Bonus",
                 "visible":true,
                 "width":8,
                 "x":108,
                 "y":244
                }, 
                {
                 "gid":67,
                 "height":8,
                 "id":175,
                 "name":"pill",
                 "rotation":0,
                 "type":"Bonus",
                 "visible":true,
                 "width":8,
                 "x":108,
                 "y":212
                },
            
                {
                 "gid":67,
                 "height":8,
                 "id":176,
                 "name":"pill",
                 "rotation":0,
                 "type":"Bonus",
                 "visible":true,
                 "width":8,
                 "x":108,
                 "y":180
                }, 
                {
                 "gid":67,
                 "height":8,
                 "id":177,
                 "name":"pill",
                 "rotation":0,
                 "type":"Bonus",
                 "visible":true,
                 "width":8,
                 "x":172,
                 "y":180
                }, 
                {
                 "gid":67,
                 "height":8,
                 "id":178,
                 "name":"pill",
                 "rotation":0,
                 "type":"Bonus",
                 "visible":true,
                 "width":8,
                 "x":172,
                 "y":148
                }, 
                {
                 "gid":67,
                 "height":8,
                 "id":179,
                 "name":"pill",
                 "rotation":0,
                 "type":"Bonus",
                 "visible":true,
                 "width":8,
                 "x":108,
                 "y":148
                }, 
                {
                 "gid":67,
                 "height":8,
                 "id":180,
                 "name":"pill",
                 "rotation":0,
                 "type":"Bonus",
                 "visible":true,
                 "width":8,
                 "x":108,
                 "y":116
                }, 
                {
                 "gid":67,
                 "height":8,
                 "id":181,
                 "name":"pill",
                 "rotation":0,
                 "type":"Bonus",
                 "visible":true,
                 "width":8,
                 "x":172,
                 "y":116
                }, 
                {
                 "gid":67,
                 "height":8,
                 "id":182,
                 "name":"pill",
                 "rotation":0,
                 "type":"Bonus",
                 "visible":true,
                 "width":8,
                 "x":204,
                 "y":116
                }, 
                {
                 "gid":67,
                 "height":8,
                 "id":183,
                 "name":"pill",
                 "rotation":0,
                 "type":"Bonus",
                 "visible":true,
                 "width":8,
                 "x":204,
                 "y":52
                }, 
                {
                 "gid":67,
                 "height":8,
                 "id":184,
                 "name":"pill",
                 "rotation":0,
                 "type":"Bonus",
                 "visible":true,
                 "width":8,
                 "x":172,
                 "y":52
                }, 
                {
                 "gid":67,
                 "height":8,
                 "id":185,
                 "name":"pill",
                 "rotation":0,
                 "type":"Bonus",
                 "visible":true,
                 "width":8,
                 "x":140,
                 "y":52
                }, 
                {
                 "gid":67,
                 "height":8,
                 "id":186,
                 "name":"pill",
                 "rotation":0,
                 "type":"Bonus",
                 "visible":true,
                 "width":8,
                 "x":108,
                 "y":52
                }, 
                {
                 "gid":67,
                 "height":8,
                 "id":187,
                 "name":"pill",
                 "rotation":0,
                 "type":"Bonus",
                 "visible":true,
                 "width":8,
                 "x":76,
                 "y":52
                }, 
                {
                 "gid":67,
                 "height":8,
                 "id":188,
                 "name":"pill",
                 "rotation":0,
                 "type":"Bonus",
                 "visible":true,
                 "width":8,
                 "x":44,
                 "y":52
                }, 
                {
                 "gid":67,
                 "height":8,
                 "id":189,
                 "name":"pill",
                 "rotation":0,
                 "type":"Bonus",
                 "visible":true,
                 "width":8,
                 "x":44,
                 "y":84
                }, 
                {
                 "gid":67,
                 "height":8,
                 "id":190,
                 "name":"pill",
                 "rotation":0,
                 "type":"Bonus",
                 "visible":true,
                 "width":8,
                 "x":44,
                 "y":116
                }, 
                {
                 "gid":67,
                 "height":8,
                 "id":191,
                 "name":"pill",
                 "rotation":0,
                 "type":"Bonus",
                 "visible":true,
                 "width":8,
                 "x":76,
                 "y":116
                }, 
                {
                 "gid":67,
                 "height":8,
                 "id":192,
                 "name":"pill",
                 "rotation":0,
                 "type":"Bonus",
                 "visible":true,
                 "width":8,
                 "x":108,
                 "y":372
                }, 
                {
                 "gid":67,
                 "height":8,
                 "id":193,
                 "name":"pill",
                 "rotation":0,
                 "type":"Bonus",
                 "visible":true,
                 "width":8,
                 "x":428,
                 "y":180
                }],
         "opacity":1,
         "type":"objectgroup",
         "visible":true,
         "x":0,
         "y":0
        }],
 "nextlayerid":3,
 "nextobjectid":194,
 "orientation":"orthogonal",
 "renderorder":"left-up",
 "tiledversion":"git",
 "tileheight":32,
 "tilesets":[
        {
         "columns":11,
         "firstgid":1,
         "image":"..\/public\/images\/pac-man\/pac_man_tiles\/background2.png",
         "imageheight":199,
         "imagewidth":362,
         "margin":0,
         "name":"walls",
         "spacing":0,
         "tilecount":66,
         "tileheight":32,
         "tilewidth":32
        }],
 "tilewidth":32,
 "type":"map",
 "version":"1.10",
 "width":20
}