{
    "books": [
        {
            "id": 0,
            "name": "Портрет Дориана Грея",
            "author": "Оскар Уайльд",
            "genre": "Роман",
            "publication_date": "2023-01-18",
            "description": "Сюжет романа завязывается, когда талантливый художник Холлуорд пишет портрет прекрасного красавца. Самовлюбленный юноша любуется собой на картине ежедневно и вскользь упоминает о своем желании никогда не стареть, мечтая, чтобы вместо него старело его изображение.",
            "state" : {
                "is_in_library": true,
                "is_overdue": false,
                "reader_username": "",
                "back_date": ""
            }
        },
        {
            "id": 1,
            "name": "Война и мир",
            "author": "Толстой Л.Н.",
            "genre": "Роман",
            "publication_date": "2022-01-31",
            "description": "Война и мир — роман-эпопея Льва Николаевича Толстого, описывающий русское общество в эпоху войн против Наполеона в 1805—1812 годах.",
            "state" : {
                "is_in_library": true,
                "is_overdue": false,
                "reader_username": "",
                "back_date": ""
            }
        },
        {
            "id": 2,
            "name": "Мальчик в полосатой пижаме",
            "author": "Джон Бойн",
            "genre": "Роман",
            "publication_date": "2017-06-17",
            "description": "Мальчик в полосатой пижаме — роман, написанный ирландским писателем Джоном Бойном. Первая книга вышла в 2006 году. Роман сразу же был номинирован на два десятка литературных премий, в том числе и на British Book Award. Издан более чем на 50 языках. Это история о невинности, о двух мальчиках, разделенных колючей проволокой.",
            "state" : {
                "is_in_library": true,
                "is_overdue": false,
                "reader_username": "",
                "back_date": ""
            }
        },
        {
            "id": 3,
            "name": "Путешествие к центру Земли",
            "author": "Жюль Верн",
            "genre": "Научная фантастика",
            "publication_date": "2006-03-01",
            "description": "Путешествие к центру Земли — научно-фантастический роман французского писателя Жюля Верна, впервые опубликованный в 1864 году и рассказывающий о путешествии, совершённом группой исследователей в земных недрах. Основан на гипотезе о полой Земле, которая в XIX веке ещё не была полностью отвергнута.",
            "state" : {
                "is_in_library": true,
                "is_overdue": false,
                "reader_username": "",
                "back_date": ""
            }
        },
        {
            "id": 4,
            "name": "Двадцать тысяч льё под водой",
            "author": "Жюль Верн",
            "genre": "Научная фантастика",
            "publication_date": "2005-07-19",
            "description": "Роман повествует о приключениях капитана Немо на построенной им подводной лодке «Наутилус» — технологическом чуде описываемого времени. Рассказ ведётся от первого лица, со слов профессора Музея естественной истории Пьера Аронакса[fr], одного из случайных пассажиров этой субмарины.",
            "state" : {
                "is_in_library": false,
                "is_overdue": true,
                "reader_username": "гений007",
                "back_date": "2023-07-07"
            }
        },
        {
            "id": 5,
            "name": "Таинственный остров",
            "author": "Жюль Верн",
            "genre": "Научная фантастика",
            "publication_date": "2017-11-23",
            "description": "Книга представляет собой продолжение известных, ранее изданных, произведений Жюля Верна «Дети капитана Гранта» и «Двадцать тысяч льё под водой». В ней повествуется о событиях, происходивших на вымышленном острове, куда забросило на воздушном шаре несколько человек, бежавших из Америки в результате Гражданской войны. Основные персонажи — пятеро американцев, которые оказываются на необитаемом острове в Тихом океане, в Южном полушарии.",
            "state" : {
                "is_in_library": false,
                "is_overdue": true,
                "reader_username": "Гуру228",
                "back_date": "2023-08-08"
            }
        },
        {
            "id": 6,
            "name": "Роковые яйца",
            "author": "Михаил Булгаков",
            "genre": "Сатира",
            "publication_date": "1999-10-05",
            "description": "Повесть Михаила Булгакова, впервые опубликованная в 1925 году. Также печаталась в сокращённом виде под названием «Луч жи́зни» в том же году. Написавший повесть «Роковые яйца» в 1924 году Булгаков помещает своих героев в 1928 год.",
            "state" : {
                "is_in_library": false,
                "is_overdue": false,
                "reader_username": "Печенеги",
                "back_date": "2023-10-20"
            }
        },
        {
            "id": 7,
            "name": "Собачье сердце",
            "author": "Михаил Булгаков",
            "genre": "Сатира",
            "publication_date": "2003-11-12",
            "description": "Повесть Михаила Булгакова 1925 года. Острая сатира на большевизм, она была написана в разгар периода НЭПа, когда коммунизм в СССР, на первый взгляд, начал сдавать позиции. Сюжет произведения обычно интерпретируют как аллегорию коммунистической революции и ошибочной попытки её сторонников радикально преобразовать человечество",
            "state" : {
                "is_in_library": false,
                "is_overdue": false,
                "reader_username": "Дима",
                "back_date": "2023-10-23"
            }
        },
        {
            "id": 8,
            "name": "Программист-прагматик",
            "author": "Дэвид Томас и Эндрю Хант",
            "genre": "Техническая литература",
            "publication_date": "2020-05-28",
            "description": "Это книга о компьютерном программировании и разработке программного обеспечения, написанная Эндрю Хантом и Дейвом Томасом и опубликованная в октябре 1999 года. Она используется в качестве учебника в соответствующих университетских курсах.",
            "state" : {
                "is_in_library": false,
                "is_overdue": false,
                "reader_username": "Игорь",
                "back_date": "2023-11-11"
            }
        },
        {
            "id": 9,
            "name": "Чистый код",
            "author": "Роберт Мартин",
            "genre": "Техническая литература",
            "publication_date": "2021-09-27",
            "description": "Книга, которую должен прочитать каждый программист.",
            "state" : {
                "is_in_library": false,
                "is_overdue": true,
                "reader_username": "Ярослав",
                "back_date": "2023-09-15"
            }
        }
    ],
    "users": [
        {
            "name": "admin",
            "password": "admin",
            "is_admin": true
        },
        {
            "name": "user",
            "password": "user",
            "is_admin": false
        }
    ]
}